game_id,action_number,year,month,day,api_game_id,uuid
42500401,12,2026,6,3,42500401,a62c4d93-0a11-9ab4-2f20-fe9d8fb38b58
42500401,123,2026,6,3,42500401,13e86b9d-dd70-a4eb-02c3-5e58c162086b
42500401,125,2026,6,3,42500401,d05ce66a-e875-b6cd-1174-0567c746a67a
42500401,127,2026,6,3,42500401,09f0dd7d-5305-a9e1-f2e5-c5fdaeffeafb
42500401,142,2026,6,3,42500401,50562f96-797b-3760-db92-3f38b6d98ff3
42500401,153,2026,6,3,42500401,a5fcf725-55d6-4d77-5fed-b7b3c6730a17
42500401,192,2026,6,3,42500401,1601dff8-4c1e-a5a6-f584-831892cb57f6
42500401,24,2026,6,3,42500401,aa440c0c-f85f-c3cb-7b7c-e1d770db78a6
42500401,252,2026,6,3,42500401,63e016f6-6246-fea0-4d11-576b9cc588cf
42500401,277,2026,6,3,42500401,065c7e6d-5033-d33d-5b04-1ba74718f7bc
42500401,280,2026,6,3,42500401,bce0b059-aefe-4acb-6530-22bc52552983
42500401,306,2026,6,3,42500401,62681320-044f-7ac6-26d5-07e857272725
42500401,312,2026,6,3,42500401,226bb5c1-e9c0-f99f-4557-014edc2c608b
42500401,328,2026,6,3,42500401,6b383222-c06c-7fca-4251-b9d523738702
42500401,330,2026,6,3,42500401,4ed663dc-95b0-55c3-94d5-1389158faa3d
42500401,332,2026,6,3,42500401,b3910e67-302e-9f79-9112-58dd4fa7bad4
42500401,355,2026,6,3,42500401,fd995417-df00-fc19-8606-3a8c693706cd
42500401,36,2026,6,3,42500401,965cef0a-6d57-8b3d-bc82-13b38bb97a19
42500401,396,2026,6,3,42500401,46cca757-6394-93d1-2362-f4e5a6aa7bed
42500401,43,2026,6,3,42500401,99fe4758-2272-a022-d606-8814842e45d1
42500401,438,2026,6,3,42500401,09330f1a-6725-36c7-e6f6-06345b155ca2
42500401,448,2026,6,3,42500401,8dd07bd4-0ec1-e795-c986-3f8a7a5f2a94
42500401,451,2026,6,3,42500401,e3e7962f-78ea-18b4-a4b3-ad0cf57bc92e
42500401,461,2026,6,3,42500401,3b133e9a-e945-8be2-b408-8103c20b8391
42500401,471,2026,6,3,42500401,26db0662-0f7c-3595-f82b-ff8ed3c1857e
42500401,477,2026,6,3,42500401,3373b2ab-32b1-8264-9579-a1d69af1d1fc
42500401,509,2026,6,3,42500401,e2e88a71-8796-01b5-8f4e-c334bf193819
42500401,525,2026,6,3,42500401,637d0708-8b07-6c4c-101d-68491926d4ac
42500401,527,2026,6,3,42500401,e7aa7e82-fb71-550f-93cf-f1a2e790057f
42500401,544,2026,6,3,42500401,81f61939-b7cf-0a77-295a-40420ed6ac44
42500401,565,2026,6,3,42500401,756669f0-067b-cc43-b00a-96999698a6c8
42500401,567,2026,6,3,42500401,20b4ca96-d423-f703-75d6-fb71af6d5006
42500401,570,2026,6,3,42500401,3a67bcc1-feec-c136-5d0e-7804ff6c2716
42500401,59,2026,6,3,42500401,65946a82-39a9-a3df-d06d-2f73fc11dd5e
42500401,680,2026,6,3,42500401,3353b108-3b49-fedd-67c7-6b93ee7d23b5
42500401,7,2026,6,3,42500401,3914205f-86f4-208a-5487-fe6d1f877e02
42500401,196,2026,6,3,42500401,3c9588f6-02c9-4f1c-969a-1f17fc81a8be
42500401,26,2026,6,3,42500401,4884cb98-f471-d03b-f07d-805ef5de0186
42500401,40,2026,6,3,42500401,d303a90c-1722-003c-8bf0-9930e6a8b21a
42500401,408,2026,6,3,42500401,9beed91e-0ee8-987a-4c30-15049a68c3f0
42500401,45,2026,6,3,42500401,1983e9a4-e6a4-a80b-cead-01eecccdf6cf
42500401,458,2026,6,3,42500401,816616a3-03e1-3d94-bcf3-99c677bcfb4a
42500401,499,2026,6,3,42500401,12fd12b2-ddeb-a590-0143-462b98d56edb
42500401,10,2026,6,3,42500401,5d70e116-88a9-f729-a7d2-6eaa04fb9988
42500401,117,2026,6,3,42500401,af19dc96-2b3d-66d9-19f0-5aa12745ed3b
42500401,121,2026,6,3,42500401,ef60adbc-6d01-c278-31ec-515416aa860d
42500401,129,2026,6,3,42500401,413b0f15-a088-b2e2-90ca-ea03bb38d5eb
42500401,131,2026,6,3,42500401,d509a8e2-73b7-0dfc-4ab6-f36a1474d9fb
42500401,14,2026,6,3,42500401,d1507016-373b-8f82-407a-17f237ef8838
42500401,140,2026,6,3,42500401,f8c8566e-4625-6ff8-1832-2873bf99fbdd
42500401,150,2026,6,3,42500401,54b040e7-0b30-73d6-7f29-866b87173a84
42500401,16,2026,6,3,42500401,15990589-8bbd-a0c6-1c7b-9e1cfb50a2cb
42500401,163,2026,6,3,42500401,810ffcab-7563-4b33-9278-c72dc9c85a43
42500401,165,2026,6,3,42500401,04a6d7e0-7226-f6b7-823e-5f068a3f842a
42500401,166,2026,6,3,42500401,63cf7c04-43bb-1634-ab8a-01fa483f75d7
42500401,172,2026,6,3,42500401,e2b066e3-9044-4639-6fea-a21bab7ac064
42500401,174,2026,6,3,42500401,b567eac5-a19c-064b-9dd9-ed59e7e6a32e
42500401,18,2026,6,3,42500401,860534a3-1b5e-9275-5914-f99b9e256334
42500401,182,2026,6,3,42500401,7a554634-4c03-7ec0-3944-6e57e9ad570d
42500401,188,2026,6,3,42500401,96a570c4-9fb2-9031-5e6b-ea9e76d7fda3
42500401,20,2026,6,3,42500401,f1d86ca4-ad9b-eaf9-3455-4c7b8a7e6598
42500401,200,2026,6,3,42500401,394d937c-4484-1d9d-9aaa-9622154cec71
42500401,204,2026,6,3,42500401,01621981-4175-cb30-c0f9-ac5797665325
42500401,205,2026,6,3,42500401,a5a1b7c9-f12e-e747-f47b-8dae82b9397a
42500401,214,2026,6,3,42500401,7baefcfc-4c3b-d549-6c95-2b54c45d716d
42500401,216,2026,6,3,42500401,e7a46bbe-c02b-5a27-0ca6-43499c6a52e7
42500401,218,2026,6,3,42500401,d8f38362-47f2-03c9-203f-99a9fc39099a
42500401,221,2026,6,3,42500401,b02b8460-638d-6286-f433-555289f62eeb
42500401,223,2026,6,3,42500401,e991c1d0-18eb-5a75-d54f-ff829459effd
42500401,225,2026,6,3,42500401,0bdb023a-5d8a-2624-5367-5c19a4854458
42500401,227,2026,6,3,42500401,1520e4fd-c032-466b-6195-5291160d140b
42500401,250,2026,6,3,42500401,cffd5046-3bf1-44fe-2b60-b0f09f9c4481
42500401,267,2026,6,3,42500401,31d9b93e-c58d-4c37-80c3-9bbcf4043db0
42500401,269,2026,6,3,42500401,27486cdd-e4d1-6e47-f9c2-bd9411c43058
42500401,271,2026,6,3,42500401,3c75c866-e9a8-5150-7b2b-ef8f3911d9f9
42500401,273,2026,6,3,42500401,090689e0-5e57-51c5-570a-c4fadb5fea7a
42500401,275,2026,6,3,42500401,84658003-be77-cf73-180e-be19cca9b52b
42500401,279,2026,6,3,42500401,5f5fda60-1f81-a243-f44f-14afcba64d58
42500401,283,2026,6,3,42500401,7066c653-cf95-93d8-fd98-20a29c8ba04b
42500401,285,2026,6,3,42500401,d7658c92-3730-3260-d336-a2e7e417193d
42500401,289,2026,6,3,42500401,c9cd1126-4467-d5f1-ac25-ca503b7804e0
42500401,29,2026,6,3,42500401,5ba4118a-1e4c-7aaa-4511-a69216977400
42500401,290,2026,6,3,42500401,99f2b4c4-87f2-be4e-eaaf-6fd2a203f5f9
42500401,292,2026,6,3,42500401,033acdad-f3cc-d425-773a-072baee20caf
42500401,293,2026,6,3,42500401,58ac2ab3-8ac0-38c0-cdc9-c8977d0c868a
42500401,294,2026,6,3,42500401,7e0d6e5b-23d8-584f-4bff-eafe2cc36365
42500401,295,2026,6,3,42500401,39b47c47-8af1-a184-4b6a-de12f54646b3
42500401,308,2026,6,3,42500401,5b86d60d-8cb9-7bd9-0a25-8a719d028f25
42500401,31,2026,6,3,42500401,908c1c94-2916-d1fd-185a-f8a98b4cecf7
42500401,310,2026,6,3,42500401,68df373e-b14d-2831-6138-5bcd3d15d07b
42500401,326,2026,6,3,42500401,820468fb-6d10-c514-7bd1-2a9c379ec07a
42500401,33,2026,6,3,42500401,f4dba347-c4c0-f914-5374-264f97a3b2e3
42500401,342,2026,6,3,42500401,3d6c79b5-1815-1ac1-3984-6ae65000e015
42500401,348,2026,6,3,42500401,bf8639f9-05d7-462a-2751-6c0783d62eb2
42500401,35,2026,6,3,42500401,1c02919c-608f-2e05-59b4-626e30f9ab28
42500401,352,2026,6,3,42500401,6dd22704-5cac-70d5-4ee9-0f8e90f4bc5b
42500401,353,2026,6,3,42500401,743bf112-6794-58c9-4b57-138d75884cf6
42500401,361,2026,6,3,42500401,a44f5b75-e3e3-eee8-6f78-4b8641c8e9f6
42500401,368,2026,6,3,42500401,a1abedbf-70fa-e953-c93d-a2a1bfb0dd00
42500401,370,2026,6,3,42500401,aa9dc70a-35dc-82e9-0d98-67cd323f07a1
42500401,375,2026,6,3,42500401,6166ebda-6264-fdf0-c415-821d3dca376b
42500401,38,2026,6,3,42500401,8e8e47ce-a8eb-7744-42ff-d1ab8f36f6a8
42500401,381,2026,6,3,42500401,5634d7a4-28b8-9881-ee4f-ccc21a77ce8b
42500401,383,2026,6,3,42500401,86fdfeb7-d1bc-4753-0a7b-83a0a4c03f55
42500401,386,2026,6,3,42500401,22526ac4-c054-caa5-1522-1319abd8585a
42500401,389,2026,6,3,42500401,74b64006-3ae8-acb1-295b-87200c1aabf1
42500401,402,2026,6,3,42500401,2e69bf22-15c4-5820-ae15-15e90493e960
42500401,404,2026,6,3,42500401,2e7f19c9-658d-9ff8-29f4-34c321e2e688
42500401,406,2026,6,3,42500401,6cc51205-73e0-6b5c-b36c-fdbf55e7b0cd
42500401,410,2026,6,3,42500401,8fcf87d0-b701-7ae4-9c1a-ddade973a793
42500401,411,2026,6,3,42500401,1485d5f7-3fb8-c169-7326-f8fe652a0226
42500401,417,2026,6,3,42500401,ce850d6e-b17c-4b24-319f-c39262732fd2
42500401,419,2026,6,3,42500401,df76a830-888a-65a0-cd83-e01a3418f4d6
42500401,421,2026,6,3,42500401,14161f5e-c49c-98b4-d12b-dbbe6b795246
42500401,423,2026,6,3,42500401,c629b577-a345-9e46-4449-add82d299ece
42500401,428,2026,6,3,42500401,c53b265d-8935-a845-7527-bc11050dc105
42500401,437,2026,6,3,42500401,af1af460-dbad-2a2e-3353-9916c5c6e1c8
42500401,447,2026,6,3,42500401,848a80b4-82d0-ff1d-8a88-b6f6079c6ef3
42500401,449,2026,6,3,42500401,8f289e16-11a0-b1d5-6f0f-91218278cf25
42500401,473,2026,6,3,42500401,71531d26-668e-f99a-26dc-096cdd5be5b3
42500401,479,2026,6,3,42500401,bdb58051-7573-e173-6d5f-05f3571073dd
42500401,481,2026,6,3,42500401,7244ca64-9fe1-9b37-ffbc-0317633ae08c
42500401,483,2026,6,3,42500401,12d01a5e-4b74-5586-25be-3d6909695c8d
42500401,484,2026,6,3,42500401,9bf15a13-7919-cae4-dc2c-09a87af5499c
42500401,485,2026,6,3,42500401,ebb9de93-2334-e3a8-4c74-1d7a028a3f2b
42500401,487,2026,6,3,42500401,252d54c1-26ec-2928-8759-52c0c949e653
42500401,49,2026,6,3,42500401,0b776be4-fbf6-a967-b08f-b86410af9151
42500401,491,2026,6,3,42500401,3c6c4321-89eb-e25f-1c1d-8b0302a1a4c1
42500401,493,2026,6,3,42500401,4dadcc57-9a85-3ccd-3931-740e3341ce7b
42500401,498,2026,6,3,42500401,e09335b6-5c4d-5048-8747-fbc129e1ae46
42500401,51,2026,6,3,42500401,6dca7bea-6e3c-68c9-1d2d-88f00b40072e
42500401,515,2026,6,3,42500401,ed484b9c-8c8f-a5de-c10a-fea7ba7b41b6
42500401,517,2026,6,3,42500401,4d391baa-d3d6-61f7-251f-56b7bd6351d7
42500401,529,2026,6,3,42500401,3afa566f-4a11-bd48-2480-ec8f9ba15c19
42500401,541,2026,6,3,42500401,1a15af07-b7c0-29c3-65a8-65d20c7fd531
42500401,546,2026,6,3,42500401,c6676189-b78f-b466-0ab7-2541bb327a6f
42500401,553,2026,6,3,42500401,667590ad-febf-f3c1-9dd6-37ea20d6ad41
42500401,557,2026,6,3,42500401,aee0ae3b-6aa5-9d12-3b72-23abee39222c
42500401,558,2026,6,3,42500401,c8f5544d-36ae-428a-cf3c-214f775113b7
42500401,560,2026,6,3,42500401,4c8a1b58-8cfd-5f51-0655-52afaeecdacf
42500401,562,2026,6,3,42500401,1c0e7aef-c2f0-1973-50bb-a4c195cad036
42500401,564,2026,6,3,42500401,f622b220-1357-17f9-5e2f-4981bd48f660
42500401,569,2026,6,3,42500401,a0d5a07b-6b08-d91d-c702-96ee695d835b
42500401,573,2026,6,3,42500401,52aad99c-7a79-d055-69d6-a391ee13b720
42500401,575,2026,6,3,42500401,db445d66-e0ab-9f31-1c3e-5d590bddb977
42500401,577,2026,6,3,42500401,c9af047a-4ff7-0742-73e2-f42e3a979529
42500401,579,2026,6,3,42500401,d442abe7-183b-9857-8420-8d6197663c68
42500401,581,2026,6,3,42500401,dae4d492-447a-2464-9d52-e410d4b1ecc5
42500401,583,2026,6,3,42500401,ea2879b0-d81f-2fd1-4c2e-8d24aaae1812
42500401,599,2026,6,3,42500401,491e790f-6f23-5bdc-e0b0-25f66196a831
42500401,602,2026,6,3,42500401,c3921376-0447-9f43-1f24-20a1bf1345ed
42500401,61,2026,6,3,42500401,56fe5a56-b670-3127-f47e-c10b9ee6075c
42500401,614,2026,6,3,42500401,0cc3ea61-5167-371c-ce31-4a2f8e6b4dcd
42500401,622,2026,6,3,42500401,612b08dd-86a8-4fe3-1701-a6f722417be5
42500401,624,2026,6,3,42500401,ef140f76-cb5c-d754-9d44-3c9b9ad50f7b
42500401,631,2026,6,3,42500401,17ca70fc-9dbb-43c6-35db-8ed8bdf5f7ae
42500401,635,2026,6,3,42500401,0f88ec04-4e44-945f-fbec-5d9f1e9b232d
42500401,637,2026,6,3,42500401,9648306e-eadc-fe2e-b534-955fb5b2fee3
42500401,643,2026,6,3,42500401,99927596-b1dd-4e7e-c795-1f39af808bbc
42500401,645,2026,6,3,42500401,767ca0ed-c17e-deda-2570-976848edaf4f
42500401,647,2026,6,3,42500401,4c3e9982-4e3b-b520-6208-b2e4654fa623
42500401,656,2026,6,3,42500401,82ebfdcd-f7b9-66af-b69a-07652a4b54ac
42500401,658,2026,6,3,42500401,c4aaab3b-ba3f-0f20-a1e8-377658fda026
42500401,662,2026,6,3,42500401,1fe07ef2-670e-a523-c19a-1afa285268e0
42500401,664,2026,6,3,42500401,3c6fe79a-cf2f-9513-ad85-be2215bf16b0
42500401,666,2026,6,3,42500401,a1f8d12b-ffd8-1325-b10e-e6a36961d072
42500401,668,2026,6,3,42500401,a711ff09-1d58-8f21-1a9c-fdc79595409f
42500401,67,2026,6,3,42500401,d42d56ab-6fab-ad68-98bc-bf9f3bb540ea
42500401,670,2026,6,3,42500401,bd3244fc-cbae-aa39-ecf6-6b7b4d975547
42500401,678,2026,6,3,42500401,fa4c5681-ccfb-ae34-d092-109b0ddb5be3
42500401,682,2026,6,3,42500401,345aea35-4783-b033-6dbb-304019de4fe2
42500401,690,2026,6,3,42500401,65edd78a-b12e-f885-621b-d7562008b791
42500401,691,2026,6,3,42500401,a0d5d470-9a77-7baa-a399-1236dd3847bd
42500401,713,2026,6,3,42500401,e4ff92e0-6b71-61d3-9e98-a1db522363e9
42500401,74,2026,6,3,42500401,6787faef-8195-437c-adef-55c1cac3b6fe
42500401,75,2026,6,3,42500401,a6a96b26-e995-a56a-0ae6-e1bb0b186785
42500401,77,2026,6,3,42500401,79e74c75-6e2c-41f9-051e-076086a7c332
42500401,89,2026,6,3,42500401,177ec0c1-9575-a150-8f7e-18b6105a7ab3
42500401,9,2026,6,3,42500401,77951008-c746-5ef7-199c-d46292543834
42500401,91,2026,6,3,42500401,f73d9b38-5cf9-bb55-0e0d-cd44ff587fd8
42500401,93,2026,6,3,42500401,5fa47387-ef45-2bdf-4b77-25dd8e818281
42500401,95,2026,6,3,42500401,d5cd069b-1e92-ec9d-6f42-33e2c5c29aff
42500401,97,2026,6,3,42500401,474cdc7f-97e0-d2b3-627f-977b8143babe
42500401,11,2026,6,3,42500401,65ede1db-697c-e69f-d830-01cbd60156e3
42500401,122,2026,6,3,42500401,28a33636-5da3-9e80-fa3a-a4ca746d7537
42500401,130,2026,6,3,42500401,389db42a-5ed3-b60c-f4aa-4b81319f3909
42500401,132,2026,6,3,42500401,32b31877-5ea5-b63f-43e0-ce9f5b712ccd
42500401,141,2026,6,3,42500401,106ab56e-7699-54df-d3fc-1d4042f2e484
42500401,15,2026,6,3,42500401,071e5261-571f-dacf-643d-fbddb7e9cdce
42500401,151,2026,6,3,42500401,c7dfe228-8aca-e105-6ac8-164a37d0de71
42500401,164,2026,6,3,42500401,bcb9a54f-b213-1b93-6c3e-9883d4e92983
42500401,167,2026,6,3,42500401,425b0484-e118-306a-e0ae-21ae6ce0ccdf
42500401,17,2026,6,3,42500401,812a6bde-150e-dff1-286e-602a8fd45b15
42500401,173,2026,6,3,42500401,b686223c-b254-f939-5434-67d3770e92da
42500401,175,2026,6,3,42500401,22b3e705-3ffa-9ad7-39ed-4121ec6157ab
42500401,183,2026,6,3,42500401,d19e85b9-580d-91f0-08b7-f7cd351229d6
42500401,189,2026,6,3,42500401,e3392879-36ba-99f8-18b6-0ecfe7e1d526
42500401,19,2026,6,3,42500401,7e82bb30-ece8-ec4a-aa74-6342ad0d6e87
42500401,21,2026,6,3,42500401,bf7638bc-4453-41c4-e781-79b733138c46
42500401,215,2026,6,3,42500401,8721945b-252d-7e22-72f8-b92f6138485a
42500401,217,2026,6,3,42500401,4cc28e8d-6519-3e72-303b-aa309cb044fd
42500401,222,2026,6,3,42500401,7e60497c-69c7-fb0a-666d-a34825be8ac0
42500401,224,2026,6,3,42500401,2aa0c839-eecb-aa6c-28e8-27817a8ddf19
42500401,226,2026,6,3,42500401,62295163-2b79-354c-b97c-dac49b03abfc
42500401,228,2026,6,3,42500401,32460e50-ecd0-fed1-6c24-780ab0ac58aa
42500401,251,2026,6,3,42500401,d4a76456-36e7-7194-b1a5-2d57a0e05318
42500401,261,2026,6,3,42500401,891d4907-6a6d-1cf7-d41e-179fb0f473a6
42500401,268,2026,6,3,42500401,1a8bc510-aeab-64cb-45c5-87215d5d41d5
42500401,270,2026,6,3,42500401,c909d613-c893-82c0-cfe7-3bc0deab4419
42500401,272,2026,6,3,42500401,f50c81c9-0c33-01fa-e359-4d826dce616a
42500401,274,2026,6,3,42500401,107f3f61-ef1e-18b8-a297-b95b16dcb931
42500401,276,2026,6,3,42500401,b0cd1b69-f778-04d0-6bf6-50e3bf735f3d
42500401,28,2026,6,3,42500401,dbfbbd2e-7adf-bbc5-a0ee-ba5ab0bab0f2
42500401,284,2026,6,3,42500401,78002e77-906f-c93e-429b-de06224251bb
42500401,291,2026,6,3,42500401,0b612f1c-8e6b-51d7-9f94-faa5cdf2e390
42500401,296,2026,6,3,42500401,9979e09d-fb89-13a3-402c-f2b621069807
42500401,30,2026,6,3,42500401,3c58c3ce-8b18-dd02-59f3-a726714d24ab
42500401,309,2026,6,3,42500401,10cc49cb-d0d6-6095-a6ef-600e14a5554a
42500401,311,2026,6,3,42500401,189f0407-cc95-0a2c-4877-7d7efb9aa4e6
42500401,32,2026,6,3,42500401,31ed3bcd-9498-4e2a-35f4-9bde21ea1030
42500401,327,2026,6,3,42500401,ca8a715b-f233-34c0-53d6-eda748eed1a4
42500401,34,2026,6,3,42500401,0d0e470f-379e-36de-c546-c60d02196763
42500401,349,2026,6,3,42500401,83464dc8-0d8d-28cf-27a3-ccee3e779ec7
42500401,354,2026,6,3,42500401,9fcce4da-4700-2b39-f3d6-bcaa8dddc485
42500401,362,2026,6,3,42500401,1e37a2c7-fdc0-9814-740e-d3fb4da41c75
42500401,369,2026,6,3,42500401,dcf68b6b-5b5f-fa26-0ef8-2af8f1ac96a5
42500401,371,2026,6,3,42500401,d82b0bf3-3cee-df46-3f25-adde383695fe
42500401,376,2026,6,3,42500401,0d3c05f5-b740-a38d-ba68-39cdb1c0cb33
42500401,382,2026,6,3,42500401,b9ed1907-2231-fc8a-9fdc-5f284052b0a2
42500401,39,2026,6,3,42500401,6b360581-1498-9c85-d4d8-500d572c1cf9
42500401,403,2026,6,3,42500401,2a0f1cb2-952f-f640-c7c0-abadb74c1d3c
42500401,405,2026,6,3,42500401,447539ac-c141-3606-0553-387a0e35f4d5
42500401,407,2026,6,3,42500401,d2b2630e-af44-6a1f-ada7-a044a0eabe09
42500401,409,2026,6,3,42500401,d0a462b0-5496-9d0b-e72d-bffa19eed638
42500401,412,2026,6,3,42500401,ef3b622d-f129-f06d-7b23-c48354fc2c76
42500401,418,2026,6,3,42500401,ed87a597-8d6d-70e6-8d2a-98e8c9876a03
42500401,42,2026,6,3,42500401,6731f372-2d0b-6c3d-3159-ab27f99fe3f0
42500401,420,2026,6,3,42500401,0ed7a8ca-f62d-96a8-9537-92cb8636b34c
42500401,422,2026,6,3,42500401,8795b4d8-700c-f192-3669-c39b08928ca9
42500401,429,2026,6,3,42500401,6f7d2847-f404-8437-aaf9-c74a41330084
42500401,450,2026,6,3,42500401,c9e267e6-765c-30ff-83c1-44c3c9ac7e10
42500401,460,2026,6,3,42500401,8eba494f-826a-129f-bd1a-3a0e5880b27a
42500401,474,2026,6,3,42500401,9c669d55-0f6c-a6b0-88d6-eb395a2ab6ef
42500401,480,2026,6,3,42500401,dee53039-6395-8966-4dae-0315696cca48
42500401,482,2026,6,3,42500401,5f5c1c17-ffb9-f517-2801-8056d8703a40
42500401,486,2026,6,3,42500401,d4ac11b5-e56c-2411-e0a4-f9086c2ce233
42500401,492,2026,6,3,42500401,743c7487-076b-deea-9adf-388059dac966
42500401,494,2026,6,3,42500401,0f3f9ef1-863e-c88f-4203-a12bbe5eef6b
42500401,50,2026,6,3,42500401,a4f469ad-d3f3-021b-edf5-1fd9f55e30af
42500401,516,2026,6,3,42500401,a4418435-7557-7be3-a698-068e2ad8c139
42500401,518,2026,6,3,42500401,a1cfaa15-a489-45d4-b000-7caf0a1aa3f2
42500401,523,2026,6,3,42500401,8a6278dd-35f9-c04b-e71d-bd498ed832ca
42500401,547,2026,6,3,42500401,122c4fce-cc70-102d-b644-7b5285e57309
42500401,559,2026,6,3,42500401,1a0e1fb1-5eeb-66a4-2d01-4c8c09a23fa2
42500401,561,2026,6,3,42500401,b7a06fec-5704-c1b0-37f4-3dff0f085740
42500401,563,2026,6,3,42500401,42f0917f-ef6e-e825-4f0c-d355150e3253
42500401,574,2026,6,3,42500401,7adecfde-f706-743b-9f8c-c498f3ae52be
42500401,576,2026,6,3,42500401,7b589a1c-6c02-3f12-98a1-fbd663105d38
42500401,578,2026,6,3,42500401,e16e81f0-f866-3d10-a1c7-786e3d9d9076
42500401,580,2026,6,3,42500401,d5c33642-a280-f1c6-3bef-600bae02ac81
42500401,582,2026,6,3,42500401,b077dc7f-85e1-3ac0-dd32-150c6d790a6e
42500401,603,2026,6,3,42500401,36ab4b8f-8a22-dca7-afd2-a132dd659652
42500401,623,2026,6,3,42500401,0a7b0c84-48c0-153f-2573-7dc58813a73c
42500401,632,2026,6,3,42500401,d0e5aac6-9d71-2e85-1060-817c26f4f518
42500401,636,2026,6,3,42500401,4b4f2a7c-0681-3e73-0fad-75c158d67a92
42500401,644,2026,6,3,42500401,64f60869-d57d-ed17-49a9-1293bc3a8af8
42500401,646,2026,6,3,42500401,f4aa79a4-9da3-fffd-b352-1cc2c31cde82
42500401,648,2026,6,3,42500401,20b61e35-f007-d704-bc53-e155b2d205db
42500401,655,2026,6,3,42500401,ec5a3acc-6dd6-7460-f399-2461c7b4b135
42500401,657,2026,6,3,42500401,f7ad36e4-37a2-dc47-d764-a5645ef610b9
42500401,663,2026,6,3,42500401,f5ae72b8-1259-0cbc-a9e3-af0bb1f5de5d
42500401,665,2026,6,3,42500401,32591daa-db2a-469b-4511-91a6dd3ddeba
42500401,667,2026,6,3,42500401,c120d755-1cc4-9ca5-d496-8f90b51ef77d
42500401,669,2026,6,3,42500401,b1603a76-d69e-fe8d-c37c-bfcf4171724c
42500401,671,2026,6,3,42500401,b7b7f06c-dc90-3533-17cc-fbbc20f74cbf
42500401,679,2026,6,3,42500401,e63938e3-0815-f16b-99ca-44a5cfd2357f
42500401,68,2026,6,3,42500401,5221b119-7cdd-8fd7-7a6e-95bfbd348c63
42500401,683,2026,6,3,42500401,a4b6519c-1ca1-1e21-ac1f-d287a50e6171
42500401,714,2026,6,3,42500401,a841b9a7-eb28-5503-305c-32ff650f0200
42500401,76,2026,6,3,42500401,01ff0ee6-7bc2-66fe-3000-5c8cbac4b25b
42500401,78,2026,6,3,42500401,a9dbe227-dfda-17b1-0cc9-bf78399747c5
42500401,90,2026,6,3,42500401,516690db-7bd5-27e2-2f23-ad775b75803d
42500401,92,2026,6,3,42500401,24814838-fa43-7925-de98-69ce648df805
42500401,94,2026,6,3,42500401,9dd36552-0261-b2f7-7c17-6703a8ab2aea
42500401,96,2026,6,3,42500401,3c0f2dbb-e5ec-62fd-c8e5-527ec4a70ac4
42500401,105,2026,6,3,42500401,a34e9235-8a9e-463f-0774-bbea48f79717
42500401,115,2026,6,3,42500401,62585160-f8f3-6fed-a783-f1863641a514
42500401,194,2026,6,3,42500401,ed983cd6-72af-d016-09a7-a7975435b6a7
42500401,219,2026,6,3,42500401,2c421407-7fcf-1094-7c98-29d9469bce0b
42500401,22,2026,6,3,42500401,7a7d484c-370c-1314-f22f-1c1f9aa207a7
42500401,350,2026,6,3,42500401,69d09c71-462b-f6fd-4e85-0d87bc093e65
42500401,475,2026,6,3,42500401,96531b67-699c-ff32-163e-7f371cb3fa10
42500401,57,2026,6,3,42500401,b44da2dc-7a78-7516-aab9-a2600b479960
42500401,612,2026,6,3,42500401,7e4336aa-337e-8e2f-312d-9d571891f007
42500401,633,2026,6,3,42500401,f8086c7f-c693-4b5d-6ab7-34133c2db009
42500401,688,2026,6,3,42500401,3474c435-811b-60c9-54bc-b40b73d06c33
42500401,79,2026,6,3,42500401,921a35a4-2d5c-f186-4fe2-bf3afc86ac74
42500401,184,2026,6,3,42500401,cc6e858b-601f-9a0d-a01b-0d14e2f43a34
42500401,233,2026,6,3,42500401,2de667a5-41a8-e740-697f-9ad45f3f0ae0
42500401,288,2026,6,3,42500401,6e20c47f-0f7a-fbce-7647-a6429d4a97e0
42500401,305,2026,6,3,42500401,d5f09158-a872-27e3-f661-a7f883d112a8
42500401,372,2026,6,3,42500401,1fb8c9ee-885d-7c30-f64d-48a822e3f585
42500401,497,2026,6,3,42500401,05132358-1cfa-5374-3787-c07c07f94365
42500401,524,2026,6,3,42500401,3afd87ea-4557-7971-896d-aefbae856281
42500401,629,2026,6,3,42500401,1ea9785b-0462-4cfa-bb89-95e76a13581b
42500401,703,2026,6,3,42500401,f5b63c63-d00c-7933-1351-a506f52524c8
42500402,131,2026,6,5,42500402,c11d1437-1a04-86ce-0bd7-99a97bbb0ae1
42500402,140,2026,6,5,42500402,6cd94e6d-5475-26ae-8d8d-5662cca60b42
42500402,154,2026,6,5,42500402,afeb362a-0453-774b-47bf-117b38f69b4c
42500402,156,2026,6,5,42500402,2a5a944f-987e-258f-8aed-f46f4578de82
42500402,166,2026,6,5,42500402,1e1370d8-dd99-0130-551a-582857f350c7
42500402,168,2026,6,5,42500402,e288a2cd-7753-0364-f567-cf5f37a170d2
42500402,186,2026,6,5,42500402,a86c3223-9411-1323-a987-1b786f387028
42500402,188,2026,6,5,42500402,c4f14d51-2ef6-58ee-3fe9-2ec81f1ac2a0
42500402,211,2026,6,5,42500402,ae43fd09-8d12-33f9-fbc1-d1008a065ce8
42500402,228,2026,6,5,42500402,d8f0821c-dd14-6dff-04ce-37903d54810a
42500402,256,2026,6,5,42500402,5a982ba4-d172-75d4-5bcb-1fa778ec510a
42500402,26,2026,6,5,42500402,0a842802-0e0e-4671-3971-fbaa7dbd885d
42500402,270,2026,6,5,42500402,8b0bd32d-a6e1-4a26-a3c8-0b1578bf4ef5
42500402,284,2026,6,5,42500402,ab33e9ea-2db0-b56b-9349-2d875a58a409
42500402,324,2026,6,5,42500402,7f198b69-0c0b-1a4a-6fc6-84bb65611d09
42500402,328,2026,6,5,42500402,115cd0ad-2f39-75a0-07b9-09fe91a37e54
42500402,332,2026,6,5,42500402,f46c9f30-90bd-c65d-fb08-5d35288aa9da
42500402,34,2026,6,5,42500402,0e7333ca-d20f-1c7e-2120-e18defc076bd
42500402,37,2026,6,5,42500402,86af8c95-e4df-5dfb-bc8a-4783f6d0e0a4
42500402,371,2026,6,5,42500402,14926dbb-046a-3869-bb18-958bbde7206d
42500402,375,2026,6,5,42500402,ab4197e4-b3fa-c0cf-241d-55653b304065
42500402,396,2026,6,5,42500402,75d2701f-4921-66f0-b3a3-d73b5a908a54
42500402,414,2026,6,5,42500402,a4834ad2-3bbf-8764-3af4-59d73070ecd5
42500402,420,2026,6,5,42500402,4a95e3ed-bd54-306d-70ab-0c5bf160e1bf
42500402,427,2026,6,5,42500402,0d2e9a2e-54bf-af76-32fd-b208d12564de
42500402,433,2026,6,5,42500402,42915067-1f87-84c8-aed0-64efe3c83de1
42500402,435,2026,6,5,42500402,8b472bd9-d8c6-ec71-0ad5-41d19c40597b
42500402,464,2026,6,5,42500402,5ac61590-6ff8-1b97-0681-c20ca198ed69
42500402,472,2026,6,5,42500402,0713cfdf-2d56-d827-b2e8-cb7b2cfebfbd
42500402,479,2026,6,5,42500402,5d84fe47-42f3-09a4-23a1-8db2de473d0a
42500402,495,2026,6,5,42500402,f9b4cc45-9dc3-a829-24f8-cc1a5b83f7e6
42500402,498,2026,6,5,42500402,ae845bbd-0057-e3c8-6e6f-f92aa07a5394
42500402,516,2026,6,5,42500402,2ac010c0-25af-167d-be6a-65dcca791999
42500402,518,2026,6,5,42500402,99d489b9-fdeb-e22c-0503-4e546ad6dc07
42500402,54,2026,6,5,42500402,6e690515-c85e-0f02-b530-f9647b2c2f8f
42500402,541,2026,6,5,42500402,3ea2c28a-4414-d631-0b00-696ec17951d0
42500402,543,2026,6,5,42500402,76e5007a-8072-9e90-43f0-72890efd8132
42500402,556,2026,6,5,42500402,5386aeb1-0fc8-79b9-30db-dcb8f5029ae4
42500402,574,2026,6,5,42500402,057f8715-bb2f-63bc-50f2-9ff0931be677
42500402,596,2026,6,5,42500402,e149c33a-39e3-88d3-3bd7-023b66d0df33
42500402,604,2026,6,5,42500402,acb45db6-d7fd-f9e2-88e1-7cead7a66cad
42500402,61,2026,6,5,42500402,2ced93f8-4681-6ac6-2f92-b5e511d9300d
42500402,613,2026,6,5,42500402,9d71565e-232b-0685-0beb-1ac338c5598c
42500402,638,2026,6,5,42500402,ac70f436-aab6-38ab-83cc-5c33a7a1b234
42500402,660,2026,6,5,42500402,dd71988c-2efe-a766-c4d8-e0b598a294d1
42500402,666,2026,6,5,42500402,e6d345da-a6ed-1572-8104-033c93afa5fa
42500402,672,2026,6,5,42500402,c843c34d-57ec-f5bc-47c0-a63eba079dbc
42500402,678,2026,6,5,42500402,572b873e-d0b7-639b-3c77-d000a860d80a
42500402,7,2026,6,5,42500402,a054adf3-cd67-8526-3728-b45c1dae3fff
42500402,92,2026,6,5,42500402,53a0607a-13e6-bdc2-888e-f0439d36a2c5
42500402,96,2026,6,5,42500402,194ecc95-f5c9-2f89-819e-1c7b4c9e967e
42500402,191,2026,6,5,42500402,990d2fee-648b-893a-bc94-fe887f94d407
42500402,207,2026,6,5,42500402,40252659-bbff-0280-a63b-4b44426fd8f0
42500402,259,2026,6,5,42500402,b415485f-fce1-2892-681b-4f9f6b64103d
42500402,28,2026,6,5,42500402,06cd07d8-dbc5-180a-0b6b-613b8d56458b
42500402,281,2026,6,5,42500402,9ede816c-e909-3bf7-dfe1-8bb4cffbe279
42500402,348,2026,6,5,42500402,dbdbba64-50f5-3333-3e97-7773e4dbbdee
42500402,398,2026,6,5,42500402,1d8a099b-65c1-bbfa-1f0a-3af288f70cfb
42500402,404,2026,6,5,42500402,acf8a28f-b719-df1b-2a32-ea3b39bbeb8e
42500402,45,2026,6,5,42500402,a68b9f4c-bb1f-e701-26f9-a555453ce895
42500402,534,2026,6,5,42500402,a718f0c6-d0eb-d084-afc4-1529ed019650
42500402,558,2026,6,5,42500402,8b1772f5-6ccc-9ebc-89d7-e31b9ca29d26
42500402,618,2026,6,5,42500402,0c22d88a-6024-ca5a-5155-2e09bf0f3cfa
42500402,635,2026,6,5,42500402,3001a2f9-6a17-77bc-8b87-e11e97181c2d
42500402,10,2026,6,5,42500402,dcd0bc08-48c4-e9ef-8522-76f41e7499c9
42500402,100,2026,6,5,42500402,fbc78b11-e6e3-01cb-817c-410c4360f80d
42500402,111,2026,6,5,42500402,0676d284-1b10-f87f-3755-0a6f9a435bf1
42500402,112,2026,6,5,42500402,92cb7ed5-d75e-9083-ce1f-d40abcc8c150
42500402,121,2026,6,5,42500402,4c218056-f7d7-ccbd-8508-d4fbd4bcae96
42500402,123,2026,6,5,42500402,7ac4f567-2d60-1d9a-5576-e5f64394a2c3
42500402,125,2026,6,5,42500402,1d154e34-9603-9ba4-9731-43128a2e0276
42500402,15,2026,6,5,42500402,8c5e78cf-f169-d078-88ab-e34ef1bcc605
42500402,150,2026,6,5,42500402,25f8082b-ccfe-e6b4-14cc-b9f5fce03553
42500402,152,2026,6,5,42500402,bd86186c-4d62-87db-9386-3a83081c36c7
42500402,17,2026,6,5,42500402,a16444dd-9a7b-4e13-00c4-a51efbf1f280
42500402,170,2026,6,5,42500402,9f87755b-2ec6-bf3e-8552-d2f167a23d81
42500402,184,2026,6,5,42500402,92ce1946-00a6-5022-b95a-5475340cecd2
42500402,189,2026,6,5,42500402,e5c9616a-31b4-b924-fbf5-e3b959be1678
42500402,194,2026,6,5,42500402,d63ba3e2-a65f-32fd-52fb-a382ad6d04a6
42500402,196,2026,6,5,42500402,8257ba29-7583-bbc4-dbb9-fd2c51747788
42500402,215,2026,6,5,42500402,4c4377d6-c10b-e4db-ddd7-5a1e1478b84f
42500402,230,2026,6,5,42500402,f06a4113-2b3d-9914-6852-3fbe1a15e110
42500402,232,2026,6,5,42500402,9342e867-1998-8a45-ffc7-d3c310ca7e96
42500402,236,2026,6,5,42500402,3438069a-0e18-8dda-a496-70add26d16c9
42500402,238,2026,6,5,42500402,333583dd-3559-59c7-7a45-8768c2d8b60d
42500402,254,2026,6,5,42500402,0bd2516e-c18a-631c-4b72-9701bf9cd91f
42500402,273,2026,6,5,42500402,3bb393f4-e4ae-c40e-95e7-1b8fa1d1f6b9
42500402,275,2026,6,5,42500402,25fb5494-5ed1-0310-7976-4b9129591a01
42500402,277,2026,6,5,42500402,2fd6db50-0455-0ca3-7495-2c1dd30b9ec3
42500402,305,2026,6,5,42500402,6480cb4e-d542-c28e-646d-0cbd6c13e7ec
42500402,326,2026,6,5,42500402,15d7a9af-2aaf-9470-4649-b5d59d2b41b3
42500402,33,2026,6,5,42500402,a80a9ccb-0fc0-b84e-bdea-301f48c8f63d
42500402,330,2026,6,5,42500402,18c08348-8f32-5b52-55c7-ea6474bd35ab
42500402,341,2026,6,5,42500402,75e7703d-f487-9bab-8293-8c6633eb977f
42500402,342,2026,6,5,42500402,4f262875-24dc-4f24-19ac-057a9d370e6f
42500402,344,2026,6,5,42500402,16b0dd70-566e-7b38-c2ec-499075028255
42500402,346,2026,6,5,42500402,c649dcc4-c087-7a58-61f9-b7ddefdd0ade
42500402,357,2026,6,5,42500402,948a12af-454d-2303-5231-cfc541e5e555
42500402,359,2026,6,5,42500402,783017b4-f62d-6642-0d7d-7449fea3ebd7
42500402,36,2026,6,5,42500402,c16814cd-7f5e-5366-510f-85f68bb82027
42500402,366,2026,6,5,42500402,a0d2a0fa-ae3b-acd0-fbdc-9743a3a7946f
42500402,377,2026,6,5,42500402,d4f728d6-1319-2aa5-df87-bcaf620a4c7e
42500402,386,2026,6,5,42500402,00f3145c-c7ab-88a1-b98e-b62efe883af2
42500402,388,2026,6,5,42500402,13ec4668-83d3-37b3-7507-07a023178d56
42500402,39,2026,6,5,42500402,cb505f8f-07ce-3925-0fa4-8fdb35324d14
42500402,393,2026,6,5,42500402,2c68784c-8d1d-1ade-fe1d-9b38e93ad85b
42500402,395,2026,6,5,42500402,92c68254-8e9f-c7a4-567d-237f5b6938b2
42500402,41,2026,6,5,42500402,de300836-7ebf-0307-6f84-258dbc4d5c9f
42500402,410,2026,6,5,42500402,7c9d95cc-694c-537a-1fdc-3f01514ad838
42500402,412,2026,6,5,42500402,579213a8-1d7f-58e5-ac25-b4d439e0fe76
42500402,43,2026,6,5,42500402,5b232c1b-72a5-8237-08fb-f9a522de175d
42500402,437,2026,6,5,42500402,af4b87a2-e90c-2028-e6ab-fd39e807383e
42500402,439,2026,6,5,42500402,ada963d2-2fe9-14c9-43a2-086cb08aa22b
42500402,441,2026,6,5,42500402,2e7664dd-ffbd-b64e-d846-9ddfb05f97d9
42500402,448,2026,6,5,42500402,95e23765-6f9d-b8aa-d436-dd028969cd64
42500402,459,2026,6,5,42500402,d07fb0ec-62f3-f39f-c73f-7629c71d289e
42500402,461,2026,6,5,42500402,1f4dfec9-d078-3581-58b8-6b321bed09e8
42500402,462,2026,6,5,42500402,3139f244-9836-e0f8-52fb-ba971c5b506d
42500402,466,2026,6,5,42500402,e0ae0d2c-f66f-9e54-ff26-aef3ac4ac306
42500402,468,2026,6,5,42500402,0722c2a9-f2bf-3b82-558e-46c820edd92c
42500402,470,2026,6,5,42500402,0c66f555-adec-f7dd-7e5c-ad1134e52cb9
42500402,476,2026,6,5,42500402,2fc7b6d0-ed3e-df02-e85d-78e7c2325ef6
42500402,478,2026,6,5,42500402,d2d8e95e-45d4-3c9f-3c0e-3e15b23750a8
42500402,481,2026,6,5,42500402,ea7578af-cc02-84df-71f3-8969f4b97b57
42500402,493,2026,6,5,42500402,4797a546-cfc0-89b0-6b75-c886116a8179
42500402,496,2026,6,5,42500402,7f4669bf-d080-d290-25af-6a1bc51e2f56
42500402,508,2026,6,5,42500402,5477c551-0cbb-0a59-3883-27c1adb5d35a
42500402,509,2026,6,5,42500402,f51d6a45-edc1-7ae0-b22b-3bff7b8afdad
42500402,513,2026,6,5,42500402,2fd367ba-eff1-126d-375a-52767f2cf03e
42500402,520,2026,6,5,42500402,7c154a4c-91ab-c211-8dd0-58fd4be514ef
42500402,522,2026,6,5,42500402,e4a53f0f-64de-b920-a983-14bf95b1cb38
42500402,537,2026,6,5,42500402,d02d3e2c-19e4-0afa-a9ea-61350740294d
42500402,539,2026,6,5,42500402,d3dadd8e-0a12-06a1-5f02-17aaf13e4c65
42500402,545,2026,6,5,42500402,90157592-1795-5631-9377-0d39dbd41c73
42500402,56,2026,6,5,42500402,564e62e4-ecd1-bdfb-3935-753bc3e818fc
42500402,565,2026,6,5,42500402,5eaa3b10-b921-c096-4d60-be530b1f7efb
42500402,567,2026,6,5,42500402,8e2981f2-2ea3-1344-d06f-7f4569ac8baa
42500402,569,2026,6,5,42500402,ee92f744-c718-5934-93db-9fdd9a27a76c
42500402,570,2026,6,5,42500402,1314d263-451e-7b5e-b87b-dac6b8f16274
42500402,572,2026,6,5,42500402,0efebbb7-69d8-ba69-21c1-0e738c73cf20
42500402,58,2026,6,5,42500402,413cd43f-4f5f-2486-be9e-abc4ee34ac9c
42500402,584,2026,6,5,42500402,b215210e-b0da-f8af-b2a3-f8a5e58c69fe
42500402,60,2026,6,5,42500402,d888c4b9-2d3b-49b2-cb8d-b2cdc7fa7e46
42500402,600,2026,6,5,42500402,1718c122-4240-1e79-24e9-a2092af3c7f3
42500402,602,2026,6,5,42500402,db7cd332-478c-4a13-6873-520efc238135
42500402,611,2026,6,5,42500402,2393d89a-e29a-2efb-ea5a-23cbebd738cc
42500402,622,2026,6,5,42500402,ef3672e2-293f-eeba-a442-8f7b1211dc2d
42500402,626,2026,6,5,42500402,9f12bde4-1c9c-4fa0-65ea-f7642997f808
42500402,628,2026,6,5,42500402,c30f9d14-88f9-29c1-6fc0-ae732d2fbebc
42500402,629,2026,6,5,42500402,66013bff-eb3a-9eea-4a8b-fda7c5377a22
42500402,63,2026,6,5,42500402,9167ed66-3773-3b65-2a62-1d6aabdfc2e2
42500402,631,2026,6,5,42500402,068278ab-4935-0674-7c7b-85599fc20c40
42500402,640,2026,6,5,42500402,8d1887aa-01a6-3df4-91ca-f02144af312f
42500402,644,2026,6,5,42500402,a729dcac-e63a-080d-3e19-fc64b27e41ed
42500402,646,2026,6,5,42500402,7d5470ad-a688-c590-76da-c450f711375b
42500402,65,2026,6,5,42500402,d7d16dc0-4b8a-e497-08e2-cd401a316bfd
42500402,662,2026,6,5,42500402,7695a679-d1bd-f61e-d958-fe4b3248c665
42500402,668,2026,6,5,42500402,27b55e05-ecb9-6422-dbaa-a8e40181f736
42500402,67,2026,6,5,42500402,6dcad1ae-096b-55c4-38f8-c5101e15725d
42500402,670,2026,6,5,42500402,d18e1f4b-3654-e5f9-66cb-5131cca4faf0
42500402,683,2026,6,5,42500402,df47e8c6-3652-ecbe-bf81-238474720a27
42500402,689,2026,6,5,42500402,cf676ca5-8fa9-bab1-fb92-93fd567a0d8e
42500402,700,2026,6,5,42500402,1d2c9ccc-31a9-8665-7789-a6595bcd38f5
42500402,720,2026,6,5,42500402,957740c9-1f92-cb73-186f-7786c43feaf1
42500402,90,2026,6,5,42500402,afa7a90d-4708-465e-b1ec-253337ac204a
42500402,98,2026,6,5,42500402,d37f5204-5097-0c40-08f2-371858e9e1cc
42500402,113,2026,6,5,42500402,f5d81b09-9578-34fd-c1d2-a80f9203507e
42500402,122,2026,6,5,42500402,8efe61de-82cb-e75a-8d41-d23df1b6ef4b
42500402,124,2026,6,5,42500402,74bea081-7898-7476-4b3a-0e28d56fdd81
42500402,130,2026,6,5,42500402,c20b982d-7cc1-43aa-bebb-f366033eee7f
42500402,139,2026,6,5,42500402,3849edf2-00a9-27ef-8d7d-7a99e2de214f
42500402,153,2026,6,5,42500402,38116692-c2c9-16fb-399c-c2367a3db0f3
42500402,16,2026,6,5,42500402,132275f9-2c8b-d198-6483-c840311fb571
42500402,171,2026,6,5,42500402,b616bebb-bf7f-4bd7-d14c-bb81a8fbc3cb
42500402,18,2026,6,5,42500402,4f1aff7a-2af9-f860-f65b-c94b0d8b08b2
42500402,185,2026,6,5,42500402,0897e440-cb89-08cd-c405-be01257cd0d2
42500402,190,2026,6,5,42500402,337c62dc-61cb-5439-c797-6ef62ba9bbf3
42500402,193,2026,6,5,42500402,57e6e3b6-87b3-3359-3b5a-0446470c9568
42500402,195,2026,6,5,42500402,c73feca7-e830-425a-534a-b6094410074b
42500402,197,2026,6,5,42500402,577e7af4-c920-2029-1129-21b4a6c4d23a
42500402,216,2026,6,5,42500402,cc0cc1d3-5115-f794-8932-2fd9caf654bf
42500402,231,2026,6,5,42500402,7e57329f-075c-9f67-0f59-4d159865b22d
42500402,233,2026,6,5,42500402,959698a2-0a4c-1d62-b67c-85d4b2ff23b2
42500402,237,2026,6,5,42500402,a85ea4c2-9ca8-6c5f-c3eb-9bead0cd275c
42500402,255,2026,6,5,42500402,1ab5eb27-2218-19f0-a23b-8003337c6ca8
42500402,261,2026,6,5,42500402,c7aa81e8-c8e2-c76c-59a8-b715202bb069
42500402,274,2026,6,5,42500402,eda078fb-0a0e-b6a7-ac77-112c78301172
42500402,276,2026,6,5,42500402,71c4bad7-d77e-268d-c804-7738a5080392
42500402,278,2026,6,5,42500402,82ce4b23-450d-d14d-e111-cd71e76c645e
42500402,283,2026,6,5,42500402,7bce1549-70be-adb5-8daa-1b45e7628e7a
42500402,30,2026,6,5,42500402,5186e54b-73a0-bab3-e302-4f36116162a1
42500402,327,2026,6,5,42500402,7e69e338-da47-4581-8560-146dd85251ce
42500402,331,2026,6,5,42500402,5eee409b-244d-92fb-d545-fc2b1c4584da
42500402,343,2026,6,5,42500402,72cc536c-780f-3f8f-c68b-6e38c2063292
42500402,345,2026,6,5,42500402,57088c29-b833-a0b2-181f-47f74ff3893b
42500402,347,2026,6,5,42500402,1a929b41-4df8-62af-9b18-315eda39e1ae
42500402,358,2026,6,5,42500402,123d3b15-e8e7-66d3-af10-cec13c1799db
42500402,360,2026,6,5,42500402,883b8bd3-1120-5814-b6a1-a66563d32971
42500402,367,2026,6,5,42500402,0bbdbaa4-847d-5082-cd15-ab3d70d74d42
42500402,387,2026,6,5,42500402,be08b2b7-a2bc-b08e-db6e-68569ad4f4b6
42500402,394,2026,6,5,42500402,d982a0ab-3561-7dd7-c04a-e9fbce6ebf77
42500402,40,2026,6,5,42500402,1992d920-4d5c-f786-8e6f-38796a3dadc6
42500402,400,2026,6,5,42500402,023c64ec-8057-7358-7b63-bf724da1267d
42500402,411,2026,6,5,42500402,0b295fa8-016b-99f1-f9eb-ebbeb7d26b1d
42500402,413,2026,6,5,42500402,662ebbb3-d02e-3a37-10ac-f9418945414b
42500402,42,2026,6,5,42500402,2f1afb51-074e-5722-9c87-f13ec267e28b
42500402,438,2026,6,5,42500402,ecd5eebb-0541-c33a-3ce3-2ce082b2f876
42500402,44,2026,6,5,42500402,a3c4dbe1-54cc-838f-c262-d69314054e18
42500402,440,2026,6,5,42500402,66ac2488-93b0-c963-5091-f17402398c4c
42500402,453,2026,6,5,42500402,2a6f3a10-07d1-b11c-374f-eefbe6968cb4
42500402,460,2026,6,5,42500402,af6c4122-a210-0eaf-45b5-d2b9cc2851a4
42500402,463,2026,6,5,42500402,2ee59fda-ff62-7cac-758b-f761a2ce12eb
42500402,467,2026,6,5,42500402,51b4fa87-86d2-24c8-6b72-317663ac96ea
42500402,469,2026,6,5,42500402,ff629936-6817-baf8-13a1-f525c53128b4
42500402,471,2026,6,5,42500402,eb9bd1ff-790e-4e44-dc8d-962828bb30bd
42500402,477,2026,6,5,42500402,13be9b53-a609-1bb1-f664-3c47a1012368
42500402,494,2026,6,5,42500402,091de016-e7d5-6b7d-a14d-81fa6c45fb61
42500402,497,2026,6,5,42500402,6980fd46-a337-a02d-5372-b7ff03d7e446
42500402,510,2026,6,5,42500402,76c111cf-e59c-c557-f118-7eb865a31cac
42500402,521,2026,6,5,42500402,ced3bdfa-2597-5161-17a3-d832cf4e31ee
42500402,536,2026,6,5,42500402,6bf53ab9-7797-071b-d42a-1d0666c55775
42500402,538,2026,6,5,42500402,25cda089-3250-de5b-339c-4a5b18b7b7e4
42500402,540,2026,6,5,42500402,98fb6041-f3c4-373d-2bea-45cc19c05012
42500402,546,2026,6,5,42500402,d3deb1d3-f0c6-77ee-ef0a-de960e20f4ec
42500402,560,2026,6,5,42500402,91ea31ca-ff47-73bc-d3f4-f237db2d2221
42500402,566,2026,6,5,42500402,cdb2f228-a63d-3623-57a3-d43ded833780
42500402,568,2026,6,5,42500402,c1b01f3e-93e9-7cf3-a447-40aa21ee5f8e
42500402,57,2026,6,5,42500402,c59a5732-3584-8608-5b5e-ec65e2e2753d
42500402,571,2026,6,5,42500402,fb475657-8f0f-bbd7-9beb-2ae053cc7b67
42500402,573,2026,6,5,42500402,3aa95656-0481-11d3-0c20-bf73a4afe2f8
42500402,59,2026,6,5,42500402,9e51da19-39ba-98c8-85fd-5c431049cec1
42500402,601,2026,6,5,42500402,84bc9ee9-96c3-e926-fe6b-54ee29d5f2bb
42500402,603,2026,6,5,42500402,38632e91-5424-4b7f-0246-8c182b7a583d
42500402,612,2026,6,5,42500402,23702c9e-9471-86af-041d-ea1264efe65b
42500402,620,2026,6,5,42500402,0c6c141b-0fda-addf-e241-d74b3aa8ded8
42500402,627,2026,6,5,42500402,9b15743a-4d03-ceed-c540-69f212163b1d
42500402,630,2026,6,5,42500402,08a85fc3-51c1-3b43-22c2-d382b5709311
42500402,637,2026,6,5,42500402,b3923c2f-81fb-961e-1ecb-a074a2622d7b
42500402,64,2026,6,5,42500402,471e3f2a-7708-61c4-95c3-f1ecd7034b78
42500402,641,2026,6,5,42500402,4d859c88-c49d-7cdf-1a07-e4fbd852fcdb
42500402,645,2026,6,5,42500402,214fc4c8-496b-cc75-93bf-98d12477c03b
42500402,66,2026,6,5,42500402,ce2d14ac-1f83-fa2d-c2c0-25e4c9028f44
42500402,669,2026,6,5,42500402,387c4643-9af8-488d-0a12-d423af559085
42500402,671,2026,6,5,42500402,e63b574a-4d13-2bdc-76ae-c5753ef49122
42500402,68,2026,6,5,42500402,4ccf4fcd-aa20-5478-b904-68d8383fbed3
42500402,690,2026,6,5,42500402,249076b5-5e05-7a73-e21b-95ba62eb3980
42500402,701,2026,6,5,42500402,27e5167c-d415-3459-f514-ea578cd5a56b
42500402,714,2026,6,5,42500402,75cd82bc-a639-15be-a088-bd66c6700826
42500402,89,2026,6,5,42500402,20567b57-c59b-3dc5-a612-d3a2f3972f44
42500402,91,2026,6,5,42500402,26dee3df-c369-b863-c9d4-a35645ff50e9
42500402,99,2026,6,5,42500402,2c07e3ed-6b04-a4fb-f467-b887c38ca5f6
42500402,109,2026,6,5,42500402,3b7c17cd-bc31-3a93-3b0c-c80c90e12e9b
42500402,164,2026,6,5,42500402,79b045b9-bc70-1167-e677-35ea293310c9
42500402,234,2026,6,5,42500402,2b44bde6-4436-ff58-9e46-8146ee33fec6
42500402,279,2026,6,5,42500402,b4abb152-244e-73e0-dfca-91eada8f0f79
42500402,313,2026,6,5,42500402,70838963-d3ed-40ce-7780-b400bd12309e
42500402,355,2026,6,5,42500402,fc5c8921-f59f-4962-86eb-470f3f39a229
42500402,373,2026,6,5,42500402,fae45584-e6a9-48cc-8940-bcb4a0354884
42500402,391,2026,6,5,42500402,62ebac95-77b8-979f-0835-6579b728c78b
42500402,402,2026,6,5,42500402,59dec4a9-5c7e-42d0-e6e9-522bcb186efe
42500402,418,2026,6,5,42500402,0ec12774-a6fe-7f5e-2371-cfd963403ee1
42500402,474,2026,6,5,42500402,a8a852cc-ea2e-03ab-0b44-c8f3b9663dfc
42500402,491,2026,6,5,42500402,e806fc0a-db4f-a548-004c-f9af0e6392e3
42500402,561,2026,6,5,42500402,d093fec7-deaf-567d-e54b-822fcb4971f8
42500402,594,2026,6,5,42500402,5eda68a4-d188-df35-2706-7f05ce187f66
42500402,607,2026,6,5,42500402,953355f0-1b35-e460-2cd9-3a9393a3dc65
42500402,642,2026,6,5,42500402,dd2159a8-0416-6f0d-7fa1-9b67242f494c
42500402,676,2026,6,5,42500402,c1931fbe-7f1e-028a-b924-0a9b5bfb039c
42500402,702,2026,6,5,42500402,c738130a-cbc9-5314-2ac9-11de4b8ba490
42500402,108,2026,6,5,42500402,9e2b8185-9894-840c-4673-e9267fa08b88
42500402,163,2026,6,5,42500402,c76d0fe7-24b9-6dac-6122-72b5f75bab8b
42500402,206,2026,6,5,42500402,2c2ca2e2-b2f3-4b06-36ef-7b944c07c8ff
42500402,299,2026,6,5,42500402,af456bf5-fa5c-cbd1-a720-fc3d97e22d9d
42500402,361,2026,6,5,42500402,12577000-00c4-d26e-52e4-1b305cdb5294
42500402,370,2026,6,5,42500402,2889d069-17bf-4496-73e4-166aea89f936
42500402,417,2026,6,5,42500402,ff3889f4-2773-ff86-ca78-57d3a30fb699
42500402,431,2026,6,5,42500402,27a6e195-ee4b-852b-d770-e4fb7c9b84c4
42500402,456,2026,6,5,42500402,ef9d4f14-d22f-e2b4-2e2e-fdf2e8bed67a
42500402,53,2026,6,5,42500402,51181407-0f07-85d4-1e93-aedaaf444576
